Category,Item Name,Description,Price,Link
Essential Maintenance,Intex Pool Accessory Kit,"Complete maintenance kit with professional-grade tools",149.99,https://www.amazon.com/Intex-Pool-Accessory/s?k=Intex+Pool+Accessory&linkCode=ll2&tag=mysavingtod0b-20&linkId=5efad414b0a154b2872866ff462b2e10&language=en_US&ref_=as_li_ss_tl
Essential Maintenance,Premium Pool Vacuum Set,"Professional vacuum with telescoping pole and wall brush",199.99,https://www.amazon.com/pool-accessories/s?k=pool+accessories&linkCode=ll2&tag=mysavingtod0b-20&linkId=acf4b994ae03ebb2c3fb9bc2e02de6d9&language=en_US&ref_=as_li_ss_tl
Essential Maintenance,Professional Skimmer Net,"Heavy-duty skimmer with telescopic aluminum pole",79.99,https://www.amazon.com/pool-accessories/s?k=pool+accessories&linkCode=ll2&tag=mysavingtod0b-20&linkId=f693de0069b346de02b7d9d271ebe6c5&language=en_US&ref_=as_li_ss_tl

Safety & Protection,Winter Block Pool Cover,"Premium winter cover with 8-year warranty",299.99,https://www.amazon.com/Best-Sellers-Pool-Spa-Parts-Accessories/zgbs/lawn-garden/4623183011?&linkCode=ll2&tag=mysavingtod0b-20&linkId=a8dbb0a5e119c0a27fbd4b224c4e738e&language=en_US&ref_=as_li_ss_tl
Safety & Protection,Safety Cover System,"Professional safety cover with drain holes",399.99,https://www.amazon.com/Best-Sellers-Pool-Safety-Covers/zgbs/lawn-garden/1272994011?&linkCode=ll2&tag=mysavingtod0b-20&linkId=a4b55ff21c8860361b8f4e1050e268da&language=en_US&ref_=as_li_ss_tl
Safety & Protection,Cover Anchor Kit,"Complete pool cover weights and straps kit",89.99,https://www.amazon.com/SunnyRoyal-Inground-Swimming-Accessories-Adjustable/dp/B0CF5FBKZ6?th=1&linkCode=ll1&tag=mysavingtod0b-20&linkId=c146a7ed688130e68d276d459b4ad351&language=en_US&ref_=as_li_ss_tl

Filtration & Cleaning,Professional Sand Filter,"High-performance sand filter pump system",499.99,https://www.amazon.com/s?k=sand+filter+pump+for+above+ground+pool&i=lawngarden&crid=KDSRZNIXTI7J&sprefix=sand+filter%2Clawngarden%2C373&linkCode=ll2&tag=mysavingtod0b-20&linkId=a9d1b3cc1cf2ac6e633b97833b60faab&language=en_US&ref_=as_li_ss_tl
Filtration & Cleaning,Complete Maintenance Kit,"Professional pool cleaning and maintenance kit",199.99,https://www.amazon.com/pool-accessories/s?k=pool+accessories&linkCode=ll2&tag=mysavingtod0b-20&linkId=0b7c3ec0f4f36d4a535b14bcad20825a&language=en_US&ref_=as_li_ss_tl
Filtration & Cleaning,Water Treatment System,"Advanced pool water treatment unit",299.99,https://www.amazon.com/s?k=pool+water+treatment+unit&crid=32ZFO3YFAN4QE&sprefix=pool+water+treatment+unit%2Caps%2C296&linkCode=ll2&tag=mysavingtod0b-20&linkId=aa76c451f1bd06d68206cee606f589de&language=en_US&ref_=as_li_ss_tl

Organization & Ambiance,Deluxe Pool Organizer,"Premium pool towel and accessory organizer",129.99,https://www.amazon.com/pool-accessories/s?k=pool+accessories&rh=n%3A1063238&dc=&ds=v1%3AUEuOXeDWgVKp7FQIkTUpnVIoS04GbswoQFRIyUtt5Hw&qid=1731595013&rnid=2941120011&linkCode=ll2&tag=mysavingtod0b-20&linkId=324372ee8b6599eb04579683949767c1&language=en_US&ref_=as_li_ss_tl
Organization & Ambiance,Solar LED Light System,"Advanced solar-powered pool lighting",199.99,https://www.amazon.com/s?k=Solar-powered+LED+pool+lights&crid=M3R2L3HHJR4E&sprefix=solar-powered+led+pool+lights%2Caps%2C340&linkCode=ll2&tag=mysavingtod0b-20&linkId=39b6d5cb46fb4d3cc3c6397b44c30ad5&language=en_US&ref_=as_li_ss_tl
Organization & Ambiance,LED Fountain System,"Decorative pool fountain with LED lights",299.99,https://www.amazon.com/s?k=Pool+fountain+with+LED+lights&crid=1AVFPZPAHHYBP&sprefix=pool+fountain+with+led+lights%2Caps%2C541&linkCode=ll2&tag=mysavingtod0b-20&linkId=de76b2d415ceb1b735b16b154baa28a4&language=en_US&ref_=as_li_ss_tl